Workbook

Sheet Headline
A1: source | B1: year | C1: AI+MLS grant count | D1: AI+MLS funding | E1: headline denominator | F1: denominator funding | G1: headline funding proportion
A2: =Summary!A2 -> ARC | B2: =Summary!B2 -> 2022 | C2: =Summary!I2 -> 5 | D2: =Summary!J2 -> 2162023 | E2: AI funding | F2: =Summary!F2 -> 34374615 | G2: =Summary!S2 -> 0.062895919
A3: =Summary!A3 -> ARC | B3: =Summary!B3 -> 2023 | C3: =Summary!I3 -> 5 | D3: =Summary!J3 -> 3157263 | E3: AI funding | F3: =Summary!F3 -> 50915033 | G3: =Summary!S3 -> 0.062010428
A4: =Summary!A4 -> ARC | B4: =Summary!B4 -> 2024 | C4: =Summary!I4 -> 7 | D4: =Summary!J4 -> 4890960 | E4: AI funding | F4: =Summary!F4 -> 50293519 | G4: =Summary!S4 -> 0.097248315
A5: =Summary!A5 -> ARC | B5: =Summary!B5 -> 2025 | C5: =Summary!I5 -> 13 | D5: =Summary!J5 -> 12228209 | E5: AI funding | F5: =Summary!F5 -> 101499058 | G5: =Summary!S5 -> 0.12047608
A6: =Summary!A6 -> ARC | B6: =Summary!B6 -> 2022-2025 | C6: =Summary!I6 -> 30 | D6: =Summary!J6 -> 22438455 | E6: AI funding | F6: =Summary!F6 -> 237082225 | G6: =Summary!S6 -> 0.094644189
A7: =Summary!A7 -> NHMRC | B7: =Summary!B7 -> 2022 | C7: =Summary!I7 -> 11 | D7: =Summary!J7 -> 15449870 | E7: all funding | F7: =Summary!D7 -> 9.0007118e+08 | G7: =Summary!S7 -> 0.017165164
A8: =Summary!A8 -> NHMRC | B8: =Summary!B8 -> 2023 | C8: =Summary!I8 -> 12 | D8: =Summary!J8 -> 21710689 | E8: all funding | F8: =Summary!D8 -> 9.0826382e+08 | G8: =Summary!S8 -> 0.023903506
A9: =Summary!A9 -> NHMRC | B9: =Summary!B9 -> 2024 | C9: =Summary!I9 -> 17 | D9: =Summary!J9 -> 23292562 | E9: all funding | F9: =Summary!D9 -> 1.0052055e+09 | G9: =Summary!S9 -> 0.02317194
A10: =Summary!A10 -> NHMRC | B10: =Summary!B10 -> 2025 | C10: =Summary!I10 -> 17 | D10: =Summary!J10 -> 21366605 | E10: all funding | F10: =Summary!D10 -> 1.0786259e+09 | G10: =Summary!S10 -> 0.019809097
A11: =Summary!A11 -> NHMRC | B11: =Summary!B11 -> 2022-2025 | C11: =Summary!I11 -> 57 | D11: =Summary!J11 -> 81819726 | E11: all funding | F11: =Summary!D11 -> 3.8921664e+09 | G11: =Summary!S11 -> 0.021021641
A12: =Summary!A12 -> MRFF | B12: =Summary!B12 -> 2022 | C12: =Summary!I12 -> 2 | D12: =Summary!J12 -> 1404055.7 | E12: all funding | F12: =Summary!D12 -> 5.3448503e+08 | G12: =Summary!S12 -> 0.0026269318
A13: =Summary!A13 -> MRFF | B13: =Summary!B13 -> 2023 | C13: =Summary!I13 -> 5 | D13: =Summary!J13 -> 11531603 | E13: all funding | F13: =Summary!D13 -> 6.9779125e+08 | G13: =Summary!S13 -> 0.016525863
A14: =Summary!A14 -> MRFF | B14: =Summary!B14 -> 2024 | C14: =Summary!I14 -> 3 | D14: =Summary!J14 -> 11999010 | E14: all funding | F14: =Summary!D14 -> 7.3461371e+08 | G14: =Summary!S14 -> 0.016333769
A15: =Summary!A15 -> MRFF | B15: =Summary!B15 -> 2025 | C15: =Summary!I15 -> 7 | D15: =Summary!J15 -> 17583889 | E15: all funding | F15: =Summary!D15 -> 6.885652e+08 | G15: =Summary!S15 -> 0.025537
A16: =Summary!A16 -> MRFF | B16: =Summary!B16 -> 2022-2025 | C16: =Summary!I16 -> 17 | D16: =Summary!J16 -> 42518558 | E16: all funding | F16: =Summary!D16 -> 2.6554552e+09 | G16: =Summary!S16 -> 0.016011778

Sheet Summary
A1: source | B1: year | C1: total_grant_count | D1: total_funding | E1: ai_grant_count | F1: ai_funding | G1: mls_grant_count | H1: mls_funding | I1: ai_mls_grant_count | J1: ai_mls_funding | K1: AI+MLS % all grants | L1: AI+MLS % AI grants | M1: AI+MLS % MLS grants | N1: AI+MLS % all funding | O1: AI+MLS % AI funding | P1: AI+MLS % MLS funding | Q1: AI % all funding | R1: MLS % all funding | S1: headline funding proportion | T1: headline denominator | U1: review_required_count
A2: ARC | B2: 2022 | C2: =Aggregates!C2 -> 1095 | D2: =Aggregates!D2 -> 634362524 | E2: =Aggregates!E2 -> 76 | F2: =Aggregates!F2 -> 34374615 | G2: =Aggregates!G2 -> 252 | H2: =Aggregates!H2 -> 150959470 | I2: =Aggregates!I2 -> 5 | J2: =Aggregates!J2 -> 2162023 | K2: =IFERROR(I2/C2,0) -> 0.00456621 | L2: =IFERROR(I2/E2,0) -> 0.065789474 | M2: =IFERROR(I2/G2,0) -> 0.01984127 | N2: =IFERROR(J2/D2,0) -> 0.0034081821 | O2: =IFERROR(J2/F2,0) -> 0.062895919 | P2: =IFERROR(J2/H2,0) -> 0.014321877 | Q2: =IFERROR(F2/D2,0) -> 0.054187651 | R2: =IFERROR(H2/D2,0) -> 0.23797035 | S2: =IF(A2="COMBINED","",IF(A2="ARC",O2,N2)) -> 0.062895919 | T2: AI funding | U2: =Aggregates!K2 -> 110
A3: ARC | B3: 2023 | C3: =Aggregates!C3 -> 1091 | D3: =Aggregates!D3 -> 1096077729 | E3: =Aggregates!E3 -> 76 | F3: =Aggregates!F3 -> 50915033 | G3: =Aggregates!G3 -> 252 | H3: =Aggregates!H3 -> 222345610 | I3: =Aggregates!I3 -> 5 | J3: =Aggregates!J3 -> 3157263 | K3: =IFERROR(I3/C3,0) -> 0.0045829514 | L3: =IFERROR(I3/E3,0) -> 0.065789474 | M3: =IFERROR(I3/G3,0) -> 0.01984127 | N3: =IFERROR(J3/D3,0) -> 0.0028805101 | O3: =IFERROR(J3/F3,0) -> 0.062010428 | P3: =IFERROR(J3/H3,0) -> 0.014199799 | Q3: =IFERROR(F3/D3,0) -> 0.046452028 | R3: =IFERROR(H3/D3,0) -> 0.2028557 | S3: =IF(A3="COMBINED","",IF(A3="ARC",O3,N3)) -> 0.062010428 | T3: AI funding | U3: =Aggregates!K3 -> 101
A4: ARC | B4: 2024 | C4: =Aggregates!C4 -> 997 | D4: =Aggregates!D4 -> 715930929 | E4: =Aggregates!E4 -> 90 | F4: =Aggregates!F4 -> 50293519 | G4: =Aggregates!G4 -> 221 | H4: =Aggregates!H4 -> 153265312 | I4: =Aggregates!I4 -> 7 | J4: =Aggregates!J4 -> 4890960 | K4: =IFERROR(I4/C4,0) -> 0.0070210632 | L4: =IFERROR(I4/E4,0) -> 0.077777778 | M4: =IFERROR(I4/G4,0) -> 0.031674208 | N4: =IFERROR(J4/D4,0) -> 0.0068316088 | O4: =IFERROR(J4/F4,0) -> 0.097248315 | P4: =IFERROR(J4/H4,0) -> 0.031911722 | Q4: =IFERROR(F4/D4,0) -> 0.070249122 | R4: =IFERROR(H4/D4,0) -> 0.21407835 | S4: =IF(A4="COMBINED","",IF(A4="ARC",O4,N4)) -> 0.097248315 | T4: AI funding | U4: =Aggregates!K4 -> 118
A5: ARC | B5: 2025 | C5: =Aggregates!C5 -> 1122 | D5: =Aggregates!D5 -> 883566939 | E5: =Aggregates!E5 -> 130 | F5: =Aggregates!F5 -> 101499058 | G5: =Aggregates!G5 -> 248 | H5: =Aggregates!H5 -> 195135313 | I5: =Aggregates!I5 -> 13 | J5: =Aggregates!J5 -> 12228209 | K5: =IFERROR(I5/C5,0) -> 0.011586453 | L5: =IFERROR(I5/E5,0) -> 0.1 | M5: =IFERROR(I5/G5,0) -> 0.052419355 | N5: =IFERROR(J5/D5,0) -> 0.013839595 | O5: =IFERROR(J5/F5,0) -> 0.12047608 | P5: =IFERROR(J5/H5,0) -> 0.06266528 | Q5: =IFERROR(F5/D5,0) -> 0.11487421 | R5: =IFERROR(H5/D5,0) -> 0.2208495 | S5: =IF(A5="COMBINED","",IF(A5="ARC",O5,N5)) -> 0.12047608 | T5: AI funding | U5: =Aggregates!K5 -> 131
A6: ARC | B6: 2022-2025 | C6: =Aggregates!C6 -> 4305 | D6: =Aggregates!D6 -> 3329938121 | E6: =Aggregates!E6 -> 372 | F6: =Aggregates!F6 -> 237082225 | G6: =Aggregates!G6 -> 973 | H6: =Aggregates!H6 -> 721705705 | I6: =Aggregates!I6 -> 30 | J6: =Aggregates!J6 -> 22438455 | K6: =IFERROR(I6/C6,0) -> 0.0069686411 | L6: =IFERROR(I6/E6,0) -> 0.080645161 | M6: =IFERROR(I6/G6,0) -> 0.030832477 | N6: =IFERROR(J6/D6,0) -> 0.0067384 | O6: =IFERROR(J6/F6,0) -> 0.094644189 | P6: =IFERROR(J6/H6,0) -> 0.031090865 | Q6: =IFERROR(F6/D6,0) -> 0.071197186 | R6: =IFERROR(H6/D6,0) -> 0.21673247 | S6: =IF(A6="COMBINED","",IF(A6="ARC",O6,N6)) -> 0.094644189 | T6: AI funding | U6: =Aggregates!K6 -> 460
A7: NHMRC | B7: 2022 | C7: =Aggregates!C7 -> 725 | D7: =Aggregates!D7 -> 9.0007118e+08 | E7: =Aggregates!E7 -> 21 | F7: =Aggregates!F7 -> 25566053 | G7: =Aggregates!G7 -> 381 | H7: =Aggregates!H7 -> 4.7720869e+08 | I7: =Aggregates!I7 -> 11 | J7: =Aggregates!J7 -> 15449870 | K7: =IFERROR(I7/C7,0) -> 0.015172414 | L7: =IFERROR(I7/E7,0) -> 0.52380952 | M7: =IFERROR(I7/G7,0) -> 0.028871391 | N7: =IFERROR(J7/D7,0) -> 0.017165164 | O7: =IFERROR(J7/F7,0) -> 0.6043119 | P7: =IFERROR(J7/H7,0) -> 0.0323755 | Q7: =IFERROR(F7/D7,0) -> 0.028404479 | R7: =IFERROR(H7/D7,0) -> 0.53018995 | S7: =IF(A7="COMBINED","",IF(A7="ARC",O7,N7)) -> 0.017165164 | T7: all funding | U7: =Aggregates!K7 -> 21
A8: NHMRC | B8: 2023 | C8: =Aggregates!C8 -> 686 | D8: =Aggregates!D8 -> 9.0826382e+08 | E8: =Aggregates!E8 -> 20 | F8: =Aggregates!F8 -> 30311151 | G8: =Aggregates!G8 -> 398 | H8: =Aggregates!H8 -> 5.3517215e+08 | I8: =Aggregates!I8 -> 12 | J8: =Aggregates!J8 -> 21710689 | K8: =IFERROR(I8/C8,0) -> 0.017492711 | L8: =IFERROR(I8/E8,0) -> 0.6 | M8: =IFERROR(I8/G8,0) -> 0.030150754 | N8: =IFERROR(J8/D8,0) -> 0.023903506 | O8: =IFERROR(J8/F8,0) -> 0.71626079 | P8: =IFERROR(J8/H8,0) -> 0.040567674 | Q8: =IFERROR(F8/D8,0) -> 0.033372629 | R8: =IFERROR(H8/D8,0) -> 0.58922544 | S8: =IF(A8="COMBINED","",IF(A8="ARC",O8,N8)) -> 0.023903506 | T8: all funding | U8: =Aggregates!K8 -> 19
A9: NHMRC | B9: 2024 | C9: =Aggregates!C9 -> 740 | D9: =Aggregates!D9 -> 1.0052055e+09 | E9: =Aggregates!E9 -> 28 | F9: =Aggregates!F9 -> 33753024 | G9: =Aggregates!G9 -> 360 | H9: =Aggregates!H9 -> 5.0456649e+08 | I9: =Aggregates!I9 -> 17 | J9: =Aggregates!J9 -> 23292562 | K9: =IFERROR(I9/C9,0) -> 0.022972973 | L9: =IFERROR(I9/E9,0) -> 0.60714286 | M9: =IFERROR(I9/G9,0) -> 0.047222222 | N9: =IFERROR(J9/D9,0) -> 0.02317194 | O9: =IFERROR(J9/F9,0) -> 0.69008816 | P9: =IFERROR(J9/H9,0) -> 0.046163514 | Q9: =IFERROR(F9/D9,0) -> 0.033578232 | R9: =IFERROR(H9/D9,0) -> 0.50195356 | S9: =IF(A9="COMBINED","",IF(A9="ARC",O9,N9)) -> 0.02317194 | T9: all funding | U9: =Aggregates!K9 -> 39
A10: NHMRC | B10: 2025 | C10: =Aggregates!C10 -> 715 | D10: =Aggregates!D10 -> 1.0786259e+09 | E10: =Aggregates!E10 -> 36 | F10: =Aggregates!F10 -> 62011540 | G10: =Aggregates!G10 -> 376 | H10: =Aggregates!H10 -> 6.0026267e+08 | I10: =Aggregates!I10 -> 17 | J10: =Aggregates!J10 -> 21366605 | K10: =IFERROR(I10/C10,0) -> 0.023776224 | L10: =IFERROR(I10/E10,0) -> 0.47222222 | M10: =IFERROR(I10/G10,0) -> 0.045212766 | N10: =IFERROR(J10/D10,0) -> 0.019809097 | O10: =IFERROR(J10/F10,0) -> 0.34455852 | P10: =IFERROR(J10/H10,0) -> 0.035595425 | Q10: =IFERROR(F10/D10,0) -> 0.05749124 | R10: =IFERROR(H10/D10,0) -> 0.55650683 | S10: =IF(A10="COMBINED","",IF(A10="ARC",O10,N10)) -> 0.019809097 | T10: all funding | U10: =Aggregates!K10 -> 17
A11: NHMRC | B11: 2022-2025 | C11: =Aggregates!C11 -> 2866 | D11: =Aggregates!D11 -> 3.8921664e+09 | E11: =Aggregates!E11 -> 105 | F11: =Aggregates!F11 -> 1.5164177e+08 | G11: =Aggregates!G11 -> 1515 | H11: =Aggregates!H11 -> 2.11721e+09 | I11: =Aggregates!I11 -> 57 | J11: =Aggregates!J11 -> 81819726 | K11: =IFERROR(I11/C11,0) -> 0.019888346 | L11: =IFERROR(I11/E11,0) -> 0.54285714 | M11: =IFERROR(I11/G11,0) -> 0.037623762 | N11: =IFERROR(J11/D11,0) -> 0.021021641 | O11: =IFERROR(J11/F11,0) -> 0.5395593 | P11: =IFERROR(J11/H11,0) -> 0.038645069 | Q11: =IFERROR(F11/D11,0) -> 0.038960762 | R11: =IFERROR(H11/D11,0) -> 0.54396698 | S11: =IF(A11="COMBINED","",IF(A11="ARC",O11,N11)) -> 0.021021641 | T11: all funding | U11: =Aggregates!K11 -> 96
A12: MRFF | B12: 2022 | C12: =Aggregates!C12 -> 237 | D12: =Aggregates!D12 -> 5.3448503e+08 | E12: =Aggregates!E12 -> 9 | F12: =Aggregates!F12 -> 12608736 | G12: =Aggregates!G12 -> 89 | H12: =Aggregates!H12 -> 1.9945227e+08 | I12: =Aggregates!I12 -> 2 | J12: =Aggregates!J12 -> 1404055.7 | K12: =IFERROR(I12/C12,0) -> 0.0084388186 | L12: =IFERROR(I12/E12,0) -> 0.22222222 | M12: =IFERROR(I12/G12,0) -> 0.02247191 | N12: =IFERROR(J12/D12,0) -> 0.0026269318 | O12: =IFERROR(J12/F12,0) -> 0.11135579 | P12: =IFERROR(J12/H12,0) -> 0.0070395574 | Q12: =IFERROR(F12/D12,0) -> 0.023590437 | R12: =IFERROR(H12/D12,0) -> 0.37316718 | S12: =IF(A12="COMBINED","",IF(A12="ARC",O12,N12)) -> 0.0026269318 | T12: all funding | U12: =Aggregates!K12 -> 6
A13: MRFF | B13: 2023 | C13: =Aggregates!C13 -> 302 | D13: =Aggregates!D13 -> 6.9779125e+08 | E13: =Aggregates!E13 -> 15 | F13: =Aggregates!F13 -> 38296763 | G13: =Aggregates!G13 -> 105 | H13: =Aggregates!H13 -> 233686419 | I13: =Aggregates!I13 -> 5 | J13: =Aggregates!J13 -> 11531603 | K13: =IFERROR(I13/C13,0) -> 0.016556291 | L13: =IFERROR(I13/E13,0) -> 0.33333333 | M13: =IFERROR(I13/G13,0) -> 0.047619048 | N13: =IFERROR(J13/D13,0) -> 0.016525863 | O13: =IFERROR(J13/F13,0) -> 0.30111169 | P13: =IFERROR(J13/H13,0) -> 0.049346483 | Q13: =IFERROR(F13/D13,0) -> 0.054882836 | R13: =IFERROR(H13/D13,0) -> 0.33489445 | S13: =IF(A13="COMBINED","",IF(A13="ARC",O13,N13)) -> 0.016525863 | T13: all funding | U13: =Aggregates!K13 -> 5
A14: MRFF | B14: 2024 | C14: =Aggregates!C14 -> 311 | D14: =Aggregates!D14 -> 7.3461371e+08 | E14: =Aggregates!E14 -> 18 | F14: =Aggregates!F14 -> 45170751 | G14: =Aggregates!G14 -> 71 | H14: =Aggregates!H14 -> 1.736757e+08 | I14: =Aggregates!I14 -> 3 | J14: =Aggregates!J14 -> 11999010 | K14: =IFERROR(I14/C14,0) -> 0.0096463023 | L14: =IFERROR(I14/E14,0) -> 0.16666667 | M14: =IFERROR(I14/G14,0) -> 0.042253521 | N14: =IFERROR(J14/D14,0) -> 0.016333769 | O14: =IFERROR(J14/F14,0) -> 0.26563672 | P14: =IFERROR(J14/H14,0) -> 0.069088598 | Q14: =IFERROR(F14/D14,0) -> 0.061489121 | R14: =IFERROR(H14/D14,0) -> 0.23641772 | S14: =IF(A14="COMBINED","",IF(A14="ARC",O14,N14)) -> 0.016333769 | T14: all funding | U14: =Aggregates!K14 -> 13
A15: MRFF | B15: 2025 | C15: =Aggregates!C15 -> 271 | D15: =Aggregates!D15 -> 6.885652e+08 | E15: =Aggregates!E15 -> 15 | F15: =Aggregates!F15 -> 34194337 | G15: =Aggregates!G15 -> 98 | H15: =Aggregates!H15 -> 2.195934e+08 | I15: =Aggregates!I15 -> 7 | J15: =Aggregates!J15 -> 17583889 | K15: =IFERROR(I15/C15,0) -> 0.025830258 | L15: =IFERROR(I15/E15,0) -> 0.46666667 | M15: =IFERROR(I15/G15,0) -> 0.071428571 | N15: =IFERROR(J15/D15,0) -> 0.025537 | O15: =IFERROR(J15/F15,0) -> 0.51423396 | P15: =IFERROR(J15/H15,0) -> 0.080074764 | Q15: =IFERROR(F15/D15,0) -> 0.049660276 | R15: =IFERROR(H15/D15,0) -> 0.31891446 | S15: =IF(A15="COMBINED","",IF(A15="ARC",O15,N15)) -> 0.025537 | T15: all funding | U15: =Aggregates!K15 -> 4
A16: MRFF | B16: 2022-2025 | C16: =Aggregates!C16 -> 1121 | D16: =Aggregates!D16 -> 2.6554552e+09 | E16: =Aggregates!E16 -> 57 | F16: =Aggregates!F16 -> 1.3027059e+08 | G16: =Aggregates!G16 -> 363 | H16: =Aggregates!H16 -> 8.2640778e+08 | I16: =Aggregates!I16 -> 17 | J16: =Aggregates!J16 -> 42518558 | K16: =IFERROR(I16/C16,0) -> 0.015165031 | L16: =IFERROR(I16/E16,0) -> 0.29824561 | M16: =IFERROR(I16/G16,0) -> 0.046831956 | N16: =IFERROR(J16/D16,0) -> 0.016011778 | O16: =IFERROR(J16/F16,0) -> 0.32638648 | P16: =IFERROR(J16/H16,0) -> 0.051449853 | Q16: =IFERROR(F16/D16,0) -> 0.049057724 | R16: =IFERROR(H16/D16,0) -> 0.31121134 | S16: =IF(A16="COMBINED","",IF(A16="ARC",O16,N16)) -> 0.016011778 | T16: all funding | U16: =Aggregates!K16 -> 28
A17: COMBINED | B17: 2022 | C17: =Aggregates!C17 -> 2057 | D17: =Aggregates!D17 -> 2.0689187e+09 | E17: =Aggregates!E17 -> 106 | F17: =Aggregates!F17 -> 72549403 | G17: =Aggregates!G17 -> 722 | H17: =Aggregates!H17 -> 8.2762043e+08 | I17: =Aggregates!I17 -> 18 | J17: =Aggregates!J17 -> 19015949 | K17: =IFERROR(I17/C17,0) -> 0.0087506077 | L17: =IFERROR(I17/E17,0) -> 0.16981132 | M17: =IFERROR(I17/G17,0) -> 0.024930748 | N17: =IFERROR(J17/D17,0) -> 0.0091912496 | O17: =IFERROR(J17/F17,0) -> 0.26211034 | P17: =IFERROR(J17/H17,0) -> 0.022976654 | Q17: =IFERROR(F17/D17,0) -> 0.035066338 | R17: =IFERROR(H17/D17,0) -> 0.40002559 | S17: =IF(A17="COMBINED","",IF(A17="ARC",O17,N17)) | T17: not defined for combined | U17: =Aggregates!K17 -> 137
A18: COMBINED | B18: 2023 | C18: =Aggregates!C18 -> 2079 | D18: =Aggregates!D18 -> 2.7021328e+09 | E18: =Aggregates!E18 -> 111 | F18: =Aggregates!F18 -> 1.1952295e+08 | G18: =Aggregates!G18 -> 755 | H18: =Aggregates!H18 -> 9.9120418e+08 | I18: =Aggregates!I18 -> 22 | J18: =Aggregates!J18 -> 36399555 | K18: =IFERROR(I18/C18,0) -> 0.010582011 | L18: =IFERROR(I18/E18,0) -> 0.1981982 | M18: =IFERROR(I18/G18,0) -> 0.029139073 | N18: =IFERROR(J18/D18,0) -> 0.013470676 | O18: =IFERROR(J18/F18,0) -> 0.30454031 | P18: =IFERROR(J18/H18,0) -> 0.03672256 | Q18: =IFERROR(F18/D18,0) -> 0.044232818 | R18: =IFERROR(H18/D18,0) -> 0.3668229 | S18: =IF(A18="COMBINED","",IF(A18="ARC",O18,N18)) | T18: not defined for combined | U18: =Aggregates!K18 -> 125
A19: COMBINED | B19: 2024 | C19: =Aggregates!C19 -> 2048 | D19: =Aggregates!D19 -> 2.4557502e+09 | E19: =Aggregates!E19 -> 136 | F19: =Aggregates!F19 -> 1.2921729e+08 | G19: =Aggregates!G19 -> 652 | H19: =Aggregates!H19 -> 8.315075e+08 | I19: =Aggregates!I19 -> 27 | J19: =Aggregates!J19 -> 40182533 | K19: =IFERROR(I19/C19,0) -> 0.013183594 | L19: =IFERROR(I19/E19,0) -> 0.19852941 | M19: =IFERROR(I19/G19,0) -> 0.041411043 | N19: =IFERROR(J19/D19,0) -> 0.016362631 | O19: =IFERROR(J19/F19,0) -> 0.31096869 | P19: =IFERROR(J19/H19,0) -> 0.048324919 | Q19: =IFERROR(F19/D19,0) -> 0.052618258 | R19: =IFERROR(H19/D19,0) -> 0.33859613 | S19: =IF(A19="COMBINED","",IF(A19="ARC",O19,N19)) | T19: not defined for combined | U19: =Aggregates!K19 -> 170
A20: COMBINED | B20: 2025 | C20: =Aggregates!C20 -> 2108 | D20: =Aggregates!D20 -> 2.650758e+09 | E20: =Aggregates!E20 -> 181 | F20: =Aggregates!F20 -> 1.9770494e+08 | G20: =Aggregates!G20 -> 722 | H20: =Aggregates!H20 -> 1.0149914e+09 | I20: =Aggregates!I20 -> 37 | J20: =Aggregates!J20 -> 51178703 | K20: =IFERROR(I20/C20,0) -> 0.017552182 | L20: =IFERROR(I20/E20,0) -> 0.20441989 | M20: =IFERROR(I20/G20,0) -> 0.051246537 | N20: =IFERROR(J20/D20,0) -> 0.019307195 | O20: =IFERROR(J20/F20,0) -> 0.25886406 | P20: =IFERROR(J20/H20,0) -> 0.050422796 | Q20: =IFERROR(F20/D20,0) -> 0.074584302 | R20: =IFERROR(H20/D20,0) -> 0.38290609 | S20: =IF(A20="COMBINED","",IF(A20="ARC",O20,N20)) | T20: not defined for combined | U20: =Aggregates!K20 -> 152
A21: COMBINED | B21: 2022-2025 | C21: =Aggregates!C21 -> 8292 | D21: =Aggregates!D21 -> 9.8775597e+09 | E21: =Aggregates!E21 -> 534 | F21: =Aggregates!F21 -> 5.1899458e+08 | G21: =Aggregates!G21 -> 2851 | H21: =Aggregates!H21 -> 3.6653235e+09 | I21: =Aggregates!I21 -> 104 | J21: =Aggregates!J21 -> 1.4677674e+08 | K21: =IFERROR(I21/C21,0) -> 0.012542209 | L21: =IFERROR(I21/E21,0) -> 0.19475655 | M21: =IFERROR(I21/G21,0) -> 0.036478429 | N21: =IFERROR(J21/D21,0) -> 0.014859615 | O21: =IFERROR(J21/F21,0) -> 0.28280977 | P21: =IFERROR(J21/H21,0) -> 0.040044689 | Q21: =IFERROR(F21/D21,0) -> 0.052542793 | R21: =IFERROR(H21/D21,0) -> 0.37107581 | S21: =IF(A21="COMBINED","",IF(A21="ARC",O21,N21)) | T21: not defined for combined | U21: =Aggregates!K21 -> 584

Sheet Aggregates
A1: source | B1: year | C1: total_grant_count | D1: total_funding | E1: ai_grant_count | F1: ai_funding | G1: mls_grant_count | H1: mls_funding | I1: ai_mls_grant_count | J1: ai_mls_funding | K1: review_required_count
A2: ARC | B2: 2022 | C2: 1095 | D2: 634362524 | E2: 76 | F2: 34374615 | G2: 252 | H2: 150959470 | I2: 5 | J2: 2162023 | K2: 110
A3: ARC | B3: 2023 | C3: 1091 | D3: 1096077729 | E3: 76 | F3: 50915033 | G3: 252 | H3: 222345610 | I3: 5 | J3: 3157263 | K3: 101
A4: ARC | B4: 2024 | C4: 997 | D4: 715930929 | E4: 90 | F4: 50293519 | G4: 221 | H4: 153265312 | I4: 7 | J4: 4890960 | K4: 118
A5: ARC | B5: 2025 | C5: 1122 | D5: 883566939 | E5: 130 | F5: 101499058 | G5: 248 | H5: 195135313 | I5: 13 | J5: 12228209 | K5: 131
A6: ARC | B6: 2022-2025 | C6: 4305 | D6: 3329938121 | E6: 372 | F6: 237082225 | G6: 973 | H6: 721705705 | I6: 30 | J6: 22438455 | K6: 460
A7: NHMRC | B7: 2022 | C7: 725 | D7: 9.0007118e+08 | E7: 21 | F7: 25566053 | G7: 381 | H7: 4.7720869e+08 | I7: 11 | J7: 15449870 | K7: 21
A8: NHMRC | B8: 2023 | C8: 686 | D8: 9.0826382e+08 | E8: 20 | F8: 30311151 | G8: 398 | H8: 5.3517215e+08 | I8: 12 | J8: 21710689 | K8: 19
A9: NHMRC | B9: 2024 | C9: 740 | D9: 1.0052055e+09 | E9: 28 | F9: 33753024 | G9: 360 | H9: 5.0456649e+08 | I9: 17 | J9: 23292562 | K9: 39
A10: NHMRC | B10: 2025 | C10: 715 | D10: 1.0786259e+09 | E10: 36 | F10: 62011540 | G10: 376 | H10: 6.0026267e+08 | I10: 17 | J10: 21366605 | K10: 17
A11: NHMRC | B11: 2022-2025 | C11: 2866 | D11: 3.8921664e+09 | E11: 105 | F11: 1.5164177e+08 | G11: 1515 | H11: 2.11721e+09 | I11: 57 | J11: 81819726 | K11: 96
A12: MRFF | B12: 2022 | C12: 237 | D12: 5.3448503e+08 | E12: 9 | F12: 12608736 | G12: 89 | H12: 1.9945227e+08 | I12: 2 | J12: 1404055.7 | K12: 6
A13: MRFF | B13: 2023 | C13: 302 | D13: 6.9779125e+08 | E13: 15 | F13: 38296763 | G13: 105 | H13: 233686419 | I13: 5 | J13: 11531603 | K13: 5
A14: MRFF | B14: 2024 | C14: 311 | D14: 7.3461371e+08 | E14: 18 | F14: 45170751 | G14: 71 | H14: 1.736757e+08 | I14: 3 | J14: 11999010 | K14: 13
A15: MRFF | B15: 2025 | C15: 271 | D15: 6.885652e+08 | E15: 15 | F15: 34194337 | G15: 98 | H15: 2.195934e+08 | I15: 7 | J15: 17583889 | K15: 4
A16: MRFF | B16: 2022-2025 | C16: 1121 | D16: 2.6554552e+09 | E16: 57 | F16: 1.3027059e+08 | G16: 363 | H16: 8.2640778e+08 | I16: 17 | J16: 42518558 | K16: 28
A17: COMBINED | B17: 2022 | C17: 2057 | D17: 2.0689187e+09 | E17: 106 | F17: 72549403 | G17: 722 | H17: 8.2762043e+08 | I17: 18 | J17: 19015949 | K17: 137
A18: COMBINED | B18: 2023 | C18: 2079 | D18: 2.7021328e+09 | E18: 111 | F18: 1.1952295e+08 | G18: 755 | H18: 9.9120418e+08 | I18: 22 | J18: 36399555 | K18: 125
A19: COMBINED | B19: 2024 | C19: 2048 | D19: 2.4557502e+09 | E19: 136 | F19: 1.2921729e+08 | G19: 652 | H19: 8.315075e+08 | I19: 27 | J19: 40182533 | K19: 170
A20: COMBINED | B20: 2025 | C20: 2108 | D20: 2.650758e+09 | E20: 181 | F20: 1.9770494e+08 | G20: 722 | H20: 1.0149914e+09 | I20: 37 | J20: 51178703 | K20: 152
A21: COMBINED | B21: 2022-2025 | C21: 8292 | D21: 9.8775597e+09 | E21: 534 | F21: 5.1899458e+08 | G21: 2851 | H21: 3.6653235e+09 | I21: 104 | J21: 1.4677674e+08 | K21: 584

Sheet Notes
A1: Item | B1: Definition
A2: Period | B2: 2022-2025 inclusive.
A3: ARC headline proportion | B3: AI + molecular/life-science funding divided by all ARC AI funding.
A4: NHMRC/MRFF headline proportion | B4: AI + molecular/life-science funding divided by all grant funding for that funder.
A5: AI review records | B5: Review-only AI candidates are excluded from headline AI totals unless manually adjudicated and the analysis is rerun.
A6: MLS review records | B6: Records with one generic biological signal in a clinical FoR are flagged for review and excluded from headline molecular/life-science totals.
A7: ARC year | B7: Funding commencement year.
A8: NHMRC year | B8: Published application-round/source year.
A9: MRFF year | B9: Contract start year.
A10: Aggregates sheet | B10: Hidden sheet containing the pandas-generated yearly counts and dollar totals. Visible proportions are Excel formulas.
